"PEPTIDE";"median_log10_IC50_rel";"activity"
"AAAAAAAAY";0,086;0
"AAAAAAARY";-1,171;0
"AAAAAAAYY";1,019;0
"AAAAAADAY";2,442;0
"AAAAAARAY";-0,128;0
"AAAAAAYAY";-0,916;0
"AAAAADAAY";0,425;0
"AAAAARAAY";-1,561;0
"AAAAAYAAY";-0,693;0
"AAAADAAAY";0,916;0
"AAAAYAAAY";-0,693;0
"AAADAAAAY";-0,357;0
"AAAEAAAAY";0,83600540879359;0
"AAAGAAAAY";-0,174;0
"AAAHAAAAY";-1,772;0
"AAAIAAAAY";1,32051150784494;0
"AAAKAAAAF";0;0
"AAAKAAAAY";-1,427;0
"AAALAAAAY";1,1536056208558;0
"AAAMAAAAY";-1,561;0
"AAANAAAAY";-0,968;0
"AAAPAAAAY";-1,609;0
"AAAQAAAAY";-1,139;0
"AAASAAAAA";3,6;1
"AAASAAAAD";6,251;1
"AAASAAAAE";4,007;1
"AAASAAAAF";-0,734;0
"AAASAAAAH";3,702;1
"AAASAAAAK";1,841;0
"AAASAAAAL";1,726;0
"AAASAAAAM";1,905;0
"AAASAAAAN";5,324;1
"AAASAAAAP";2,464;0
"AAASAAAAQ";4,147;1
"AAASAAAAR";1,629;0
"AAASAAAAS";7,502;1
"AAASAAAAT";5,061;1
"AAASAAAAV";1,881;0
"AAASAAAAW";0,104;0
"AAASAAADY";-1,022;0
"AAASAAAEY";-0,248;0
"AAASAAAFY";-1,079;0
"AAASAAAGY";-1,966;0
"AAASAAAHY";-0,942;0
"AAASAAALY";-0,892;0
"AAASAAAMY";-1,427;0
"AAASAAANY";-1,238;0
"AAASAAAPY";-0,868;0
"AAASAAARY";-1,079;0
"AAASAAASY";-1,897;0
"AAASAAATY";-1,561;0
"AAASAAAVY";-1,079;0
"AAASAAAWY";-1,833;0
"AAASAAAYY";-1,386;0
"AAASAADAY";1,53529412004277;0
"AAASAAEAY";0,672590623023812;0
"AAASAAFAY";0,388431496660963;0
"AAASAAHAY";-1,139;0
"AAASAAIAY";-1,309;0
"AAASAAKAY";0,223;0
"AAASAALAY";2,42602301568988;0
"AAASAAMAY";-1,386;0
"AAASAANAY";0,741545629527841;0
"AAASAAPAY";-2,659;0
"AAASAAPEY";-1,715;0
"AAASAAQAY";1,9329808219232;0
"AAASAARAY";2,23401081758718;0
"AAASAASAY";1,10562455415968;0
"AAASAATAY";-0,288;0
"AAASAAWAY";-1,079;0
"AAASAAYAY";2,31952244906545;0
"AAASADAAY";-0,446;0
"AAASAEAAY";0,571105620855803;0
"AAASAFAAY";-0,868;0
"AAASAHAAY";-0,968;0
"AAASAIAAY";-1,897;0
"AAASAKAAY";-1,427;0
"AAASALAAY";0,697450906602016;0
"AAASAMAAY";-0,942;0
"AAASAPAAY";-1,171;0
"AAASARAAY";0,823985791841438;0
"AAASASAAY";-0,288;0
"AAASATAAY";-0,446;0
"AAASAVAAY";0,662090623023812;0
"AAASAYAAY";0,68462088794774;0
"AAASDAAAY";-0,371;0
"AAASFAAAY";-1,514;0
"AAASGAAAY";0,637;0
"AAASKAAAY";-0,545;0
"AAASLAAAY";0,675575625191822;0
"AAASMAAAY";-1,139;0
"AAASNAAAY";-0,223;0
"AAASRAAAY";0,559574989159953;0
"AAASVAAAY";-0,616;0
"AAASWAAAY";-2,207;0
"AAASYAAAY";-1,661;0
"AAATAAAAY";-1,171;0
"AAAWAAAAY";-1,772;0
"AAAYAAAAY";-1,427;0
"AADAAAAAY";2,785;0
"AADAKAAAY";-0,236;0
"AADKAAAAY";2,015;0
"AADSAAAAY";1,515;0
"AAEKAAAAY";0,993;0
"AAESAAAAY";1,07198500216801;0
"AAFSAAAAY";-2,303;0
"AAGSAAAAY";1,721;0
"AAHSAAAAY";-1,238;0
"AAKSAAAAY";-0,261;0
"AANSAAAAY";0,536;0
"AAPSAAAAY";-0,051;0
"AAQSAAAAY";-0,478;0
"AARAAAAAY";-0,478;0
"AARAVFLAL";3,04139268515822;1
"AARSAAAAY";0,903485002168009;0
"AASSAAAAY";-1,238;0
"AATSAAAAY";-0,598;0
"AAWSAAAAY";-2,526;0
"AAYAAAAAY";-1,427;0
"AAYSAAAAY";-3,219;0
"AEFPDAPDSAAAAY";1,30102999566398;0
"AEFPDSAAAAY";1,20411998265592;0
"AEFSAAAAPDAPDY";1,3384564936046;0
"AEFSAAAAPDY";1,68124123737559;0
"AEFSAAAAY";0,3;0
"AEFSAAAAYPDAPD";0,505149978319906;0
"AEFSAAPDAPDAAY";1,12385164096709;0
"AEFSPDAAAAY";1,68124123737559;0
"AEFSPDAPDAAAAY";1,60205999132796;0
"AEMGKGSFY";-1,609;0
"AEPDAPDFSAAAAY";1,38021124171161;0
"AFAKAAAAV";2,323;0
"AFASAAAAY";-0,968;0
"AFAYYVKIK";1,792;0
"AFYFDSYFA";-0,799;0
"AGAAAAAAK";6,215;1
"AGAKAAAAV";4,963;1
"AGASAAAAY";1,564;0
"AGDRTFQKW";4,942;1
"AIAAAAAAK";3,829;1
"AIAKAAAAV";4,454;1
"AIAKAAAAY";-0,693;0
"AIFVYKSDS";3,807;1
"AKAAAAAAK";4,043;1
"AKASAAAAY";-0,545;0
"AKDNATRDY";2,34242268082221;0
"ALAAAAAAE";7,251;1
"ALAAAAAAK";4,248;1
"ALAAAAAAQ";4,971;1
"ALAAAAAAT";6,494;1
"ALACAAAAV";4,693;1
"ALADAAAAV";3,836;1
"ALAKAAAAF";0,322;0
"ALAKAAAAG";6,157;1
"ALAKAAAAI";2,54;0
"ALAKAAAAL";0,688;0
"ALAKAAAAN";4,887;1
"ALAKAAAAV";3,984;1
"ALAKAAAEV";3,738;1
"ALAKAAAFV";2,983;1
"ALAKAAAGV";4,189;1
"ALAKAAALV";4,976;1
"ALAKAAAPV";3,679;1
"ALAKAAEAV";3,228;1
"ALAKAALAV";1,777;0
"ALAKAANAV";2,905;1
"ALAKAAPAV";2,973;1
"ALAKAAYAV";1,058;0
"ALAKAGAAV";3,563;1
"ALAKAIAAV";2,066;0
"ALAKAPAAV";3,387;1
"ALAKARAAV";2,769;0
"ALAKAYAAV";1,742;0
"ALAKLAAAV";1,907;0
"ALAKNAAAV";2,548;0
"ALAKYAAAV";2,73;0
"ALAPAAAAV";3,962;1
"ALASAAAAY";0,849575625191822;0
"ALATAAAAV";3,435;1
"ALAVAAAAV";4,693;1
"ALEKAAAAV";5,069;1
"ALFKAAAAV";1,686;0
"ALKAAAAV";3;1
"ALKKAAAAV";4,344;1
"ALMKAAAAV";2,798;0
"ALMPLYACI";-0,598;0
"ALMPLYASI";1,841;0
"ALSKAAAAV";4,403;1
"ALSRKVAEL";2,001;0
"AMAKAAAAV";2,563;0
"AMASAAAAY";-1,109;0
"ANAAAAAAK";4,691;1
"ANASAAAAY";1,633;0
"APAKAAAAF";4,138;1
"APAKAAAAV";7,147;1
"APAPPPKPM";4,443;1
"APASAAAAY";3,992;1
"APDEFSAAAAY";0,380211241711606;0
"AQWIKWVYG";-0,416;0
"AQYEIEMPL";-1,609;0
"ARAAAAAAK";2,738;0
"ARAAAAAAL";0,199;0
"ARAAAAAAY";-0,868;0
"ARAAAAIAK";0,642;0
"ARAAAAIAKK";2,83250891270624;0
"ARASAAAAY";0,583620618687794;0
"ARDNATKDY";3,07918124604762;1
"ARFAAAIAK";-1,661;0
"ARFAAAIAKK";1,90308998699194;0
"ARIAAAAAK";1,686;0
"ARIAAAIAA";0,742;0
"ARIAAAIAK";0;0
"ARIAAAIAKK";2,60205999132796;0
"ARIAAAIAL";-0,916;0
"ARIAAAIAR";-0,916;0
"ARVAAAIAKK";2,90308998699194;0
"ARYAAAIAKK";2,38021124171161;0
"ARYNASTEL";3,1318125075304;1
"ARYQKSTEA";-0,755;0
"ASIAGVQSI";2,708;0
"ATAAAAAAK";4,787;1
"ATASAAAAY";-0,968;0
"ATDKAAAAY";0,916;0
"ATEKAAAAY";1,163;0
"AVAAAAAAK";3,178;1
"AVAKAAAAY";-0,821;0
"AVASAAAAY";-1,561;0
"AVVASGFQT";2,944;1
"AWASAAAAY";-2,303;0
"AYAAAAAAK";4,028;1
"AYAAAAAAY";0,489;0
"AYAKAAAAK";3,015;1
"AYAKAAAAL";1,105;0
"AYAKAAAAY";1,18952999566398;0
"AYASAAAAY";0,821583742557472;0
"AYGLDFYIL";3,95424250943932;1
"AYRVEFDKY";-0,462;0
"AYWANATRSGA";3,84509804001426;1
"CLCCLLTMV";6,856;1
"DAAAAAAAY";3,833;1
"DAASAAAAY";1,6367113404111;0
"DFGNKTFGY";3,95424250943932;1
"DFKSVADSY";3,178;1
"DIDFLIEEI";6,908;1
"DLAKAAAAV";6,811;1
"DMAAQITQR";3,296;1
"DPALDSEVD";6,254;1
"DSIYLDTAR";2,565;0
"DVFRDPALK";3,689;1
"DYDASYDKD";4,868;1
"EAASAAAAY";2,931;1
"EADPTGHSY";4,90308998699194;1
"EDLRVLSFI";4,248;1
"EEFQFIKKA";3,555;1
"EEFYVDLER";6,292;1
"EIAPVFVLL";4,875;1
"EIEVLAKSR";6,802;1
"EIRLKVFVL";2,773;0
"EIRRYNASTELLI";3,73623709890473;1
"EIRRYNASTELLIR";3,3714373174041;1
"ELAEYLYNI";5,075;1
"ELDTISTPQ";6,328;1
"ERPLIFLRL";1,792;0
"ESGPSIVHR";4,443;1
"EVDPIGHLY";5,27044590801796;1
"FAASAAAAY";2,597;0
"FAPGNYPAQ";4,55630250076729;1
"FGDPRQSFR";6,059;1
"FIDVRLSPA";5,704;1
"FKDYSDKKA";4,174;1
"FKGSLTGNM";6,461;1
"FKIFKIFSD";4,174;1
"FKYAVKIVK";2,773;0
"FLAKAAAAV";5,758;1
"FLAKKPEDK";7,418;1
"FLCKQYLNL";5,924;1
"FLIEEIERL";6,908;1
"FLLTRILTI";2,491;0
"FLPSDFFPSV";3,98900461569854;1
"FLTKQYLNL";5,956;1
"FLWGPRALV";3,367;1
"FNRSPWFTTLI";3,60205999132796;1
"FRYNGLIHR";-0,105;0
"FVYFDIVIF";5,193;1
"FYEFHNSGT";6,774;1
"FYIDYDSFF";2,079;0
"GAASAAAAY";1,322;0
"GAIDKPILK";2,851;0
"GAVNVVMTF";1,386;0
"GEFGGFGSV";5,501;1
"GEVDVEQHT";6,215;1
"GIFSPGGAI";6,908;1
"GILGFVFTL";4,094;1
"GKSVLIRDL";4,025;1
"GLFMIDNFY";-0,105;0
"GLSRPLLRL";-0,198;0
"GLYSSTAPI";6,121;1
"GLYSSTVPI";4,654;1
"GMAALPRLI";6,908;1
"GMRMLLGGN";6,279;1
"GQRKPATSY";-0,693;0
"GQYGNPLNK";1,872;0
"GRERFEMFR";2,163;0
"GRIDKPILA";1,712;0
"GRIDKPILK";1,241;0
"GRLTKHTKF";0;0
"GRPPQKGSL";5,298;1
"GRQKGAGSV";6,215;1
"HEAAAVHGD";4,564;1
"HFWNGDRDL";2,015;0
"HIKPTSSKY";2,079;0
"HLESLFTAV";6,397;1
"HLIDYLVTS";7,09;1
"HLLVGSSGL";6,118;1
"HLSLRGLPV";6,908;1
"HLYQGCQVV";5,069;1
"HLYSHPIIL";0;0
"HQAISPRTL";2,773;0
"IAASAAAAY";1,322;0
"IAIAKKKKK";3,401;1
"IALNASFVR";2,251;0
"IEQGSKERK";3,912;1
"IIGTDNSVV";7,09;1
"IISCTCPTV";4,357;1
"IISCTCPVT";-0,713;0
"IKKVYYSDI";4,174;1
"ILCWGELMTL";1,60205999132796;0
"ILHNGAYSL";5,914;1
"ILKEPVHGV";5,824;1
"ILMHCQTTL";6,908;1
"ILRGSVAHK";6,62;1
"ILSPFLPLL";5,284;1
"IMPKAGLLI";6,908;1
"INLAVMFPT";6,833;1
"IRKPYIWEY";-2,303;0
"IRRYNASTEL";2,97127584873811;1
"IRRYNASTELL";2,98227123303957;1
"ISDKVVYVD";6,31;1
"ISVIVFKFF";2,996;1
"IVGLNKIVR";3,258;1
"IVKDDAYSK";4,007;1
"IVTDFSVIK";5,481;1
"KAASAAAAY";1,105;0
"KADDDKPGA";5,753;1
"KAGQVVTIW";4,605;1
"KAKFDIDYK";4,174;1
"KIKESFRKL";2,14;0
"KIWEELSVL";0,182;0
"KKVSIFVYS";3,401;1
"KKYNASTEL";1,751;0
"KLHLYSHPI";3,408;1
"KLIRDAAEL";4,736;1
"KNVRGHSKN";5,056;1
"KPGQAGGEA";6,144;1
"KPIVQYDNF";5,193;1
"KPRSSHPFD";7,447;1
"KRAAAAAAA";5,024;1
"KRFSFKKSF";-3,507;0
"KRGILTLKY";-2,303;0
"KRYKSIVKY";-3,507;0
"KRYNASTEL";1,6467875029353;0
"KSADSKSAA";4,094;1
"KSIIISSVI";3,584;1
"KTGGPIYKR";0,875;0
"KTQGPSVFF";0,788;0
"KVFGPIHER";-0,799;0
"KVHDMGFEY";-1,47;0
"KWDLRRAFH";2,639;0
"KYFDEHYEY";-0,288;0
"KYFSYIIKY";-1,609;0
"KYPENFFLL";1,504;0
"KYTMPRLPVQ";4,25527250510331;1
"LAASAAAAY";1,35358586420151;0
"LALLIDKMT";5,753;1
"LIVSATQPA";5,298;1
"LKFANQVLI";1,065;0
"LLAQFTSAI";5,088;1
"LLDDEAGPL";5,318;1
"LLFGYPVYV";1,946;0
"LLGSAANWI";1,668;0
"LLLTVLTVV";3,619;1
"LLMMIANES";5,075;1
"LLQEYNWEL";3,199;1
"LLSSNLSWL";2,425;0
"LMWAKIGPV";3,346;1
"LSKLRDIWF";-0,083;0
"LTRQALPDQ";4,86;1
"LYNTVATLY";3,178;1
"MAASAAAAY";1,513;0
"MEVDPIGHLY";4,32633586092875;1
"MVKKQQQAV";4,812;1
"NIIGTDNSV";2,674;0
"NKADVILKY";-4,605;0
"NLNNLNVSI";4,382;1
"NLQSLTNLL";2,996;1
"NLSWLSLDV";5,274;1
"NVATLELQF";-1,609;0
"PAASAAAAY";4,193;1
"PANQPINES";7,888;1
"PDAPDEFSAAAAY";0,568201724066995;0
"PDIYPANLS";7,041;1
"PDVWVTVLF";6,685;1
"PHIKTHTMK";7,061;1
"PKLEASNRY";4,868;1
"PLAKAAAAV";8,37;1
"PLEEELPRL";5,595;1
"PLPIHTAEL";5,298;1
"PLTFGWCYKL";4,4912260756925;1
"PLTFGWCYKLV";4,03147891704226;1
"PRKVSVVSF";1,872;0
"QAASAAAAY";2,00269500332246;0
"QEEEGPSTF";5,52270499273475;1
"QLDPARDVL";6,908;1
"QLFHLCLII";6,489;1
"QPEYSNKSY";6,144;1
"QVDLLNILL";1,705;0
"QVPLRPMTY";1,238;0
"QYDEAVAQF";3,258;1
"RAAAAAAAY";1,072;0
"RAASAAAAY";0,924417348357892;0
"RAYNASTEL";0,77;0
"RAYQKSTEL";-0,211;0
"REIRRYNASTELLIR";2,47712125471966;0
"REPSEINVM";5,298;1
"RGQVRVNRH";5,011;1
"RGYRPRFRR";-2,996;0
"RKYNASTEL";1,67318463652691;0
"RLGLSRPLL";2,389;0
"RLGLYRPLL";2,851;0
"RLLQETELV";6,089;1
"RLRPGGKKH";4,868;1
"RLSKVAPVI";6,908;1
"RLVTLKDIV";2,708;0
"RNVWRGFST";1,887;0
"RPKSNIVLL";6,389;1
"RPQMGMLGT";4,89;1
"RRFGDKLNF";-4,605;0
"RRFNASTEL";0,365;0
"RRIKEIVKK";1,902;0
"RRRWRRLTV";-2,303;0
"RRSKEITVR";1,099;0
"RRTEEENLR";2,734;0
"RRVKEVVKK";-0,288;0
"RRYAASTEL";1,69830461980528;0
"RRYNAATEL";1,69830461980528;0
"RRYNASAEL";-0,248;0
"RRYNASTAL";-0,635;0
"RRYNASTDL";1,9973319590989;0
"RRYNASTEA";2,21968124604762;0
"RRYNASTEF";-1,833;0
"RRYNASTEL";3,11394335230684;1
"RRYPDAVYL";-0,916;0
"RRYQASTEL";-0,734;0
"RRYQKSTEA";0,405;0
"RRYQKSTEL";0,385090623023812;0
"RSQLNLLIA";4,454;1
"RTDGKVFQF";1,163;0
"RTQNVLGEK";4,5;1
"RWGFRDIKQ";1,609;0
"RYLKDQQLL";2,639;0
"RYNATRGL";3,02148453669659;1
"RYRPGTVAL";1,705;0
"RYWANATRSA";4,05780525583715;1
"RYWANATRSK";4,36172783601759;1
"RYWANATRSQ";3,54406804435028;1
"SAASAAAAY";0,451;0
"SAYGEPRKL";3,60205999132796;1
"SDIKDYYYI";4,007;1
"SFNCGSEFF";5,635;1
"SILLFHAAF";4,605;1
"SKSFKAAKF";1,099;0
"SKSVAETQE";7,061;1
"SLKKGAAAL";6,908;1
"SLNFMGYVI";4,533;1
"SLYADSPSV";5,13;1
"SLYNTVATL";2,423;0
"SPRYIFTML";3,401;1
"SQSDNYKLQ";4,454;1
"SRAHSSHLK";2,901;0
"SRDKTIIMW";1,253;0
"SRFAFVVAK";0,531;0
"SRFAKKFAK";0,788;0
"SRFASFKAK";1,335;0
"SRSAFFKAK";4,094;1
"SRSAKFVAK";4,84;1
"SRVASVFAK";1,609;0
"SRVAVKSAK";2,398;0
"SRWAVVWAA";-0,528;0
"SRWAVVWAK";-1,079;0
"SRWAWVKAK";-1,386;0
"SRYAWVFAK";-1,386;0
"SRYAWVKAK";-0,186;0
"SRYWAIRTR";-1,427;0
"SSKKYKVKS";7,17;1
"SSKPGDGRW";2,708;0
"SVVVASVII";1,253;0
"SYLLPAIVHI";3,7160033436348;1
"TAASAAAAY";1,235;0
"TCSRPKSNIVLL";4,7160033436348;1
"TFGVAPSRL";1,609;0
"TILQPSLQI";2,398;0
"TITHKEKIK";6,144;1
"TKDNKTEKY";3,30102999566398;1
"TKPTLKGAI";6,764;1
"TLWVDPYEV";3,512;1
"TNEHQEPVS";5,497;1
"TNFEIASRM";2,485;0
"TNFLLSLGIHL";4,25527250510331;1
"TPGPGVRY";5,00514997831991;1
"TPGPGVRYPL";5,0910646070265;1
"TVQNKTEVY";2,90308998699194;0
"VAASAAAAY";1,32150017056045;0
"VAFAITTKE";7,195;1
"VAIGWLSIE";5,838;1
"VDRSNKRGR";4,357;1
"VIYTIPWRF";-2,408;0
"VLAKAAAAV";4,784;1
"VLFSSDFRI";2,128;0
"VLGGSRHKL";4,29;1
"VLQAGFFLL";7,586;1
"VMNILLQYM";3,784;1
"VRRCPHHER";3,04;1
"VRVCACPGR";0,531;0
"VSSVLNVSS";1,099;0
"VTSPLTVEW";3,555;1
"VYSYSKIFV";1,872;0
"WEELSVLEVF";4,76042248342321;1
"WILRGTSFV";5,969;1
"YAAAAAAAY";3,321;1
"YAASAAAAY";1,78745242566824;0
"YARTNPESF";2,773;0
"YDSMLAIRG";7,061;1
"YFVVSIISK";3,689;1
"YHEDIHTYL";3,555;1
"YIFYKFISK";2,398;0
"YLEPGPVTA";6,856;1
"YLGEFSITY";3,091;1
"YLLPAIVHI";4,787;1
"YMLAEQLDR";5,656;1
"YMNGTMSQV";6,477;1
"YPLTFGWCY";5,717;1
"YQKALSVPK";4,605;1
"YSFQPPDEL";3,497;1
"YVFAAGPPD";7,447;1
"YVSFIKYKY";0;0
"YYEEQHPEL";4,554;1
